Workbook

Sheet MNSKU对应品线表
A1: 店铺 | B1: 核算店铺 | C1: SKU+核算店铺 | D1: MSKU | E1: 产品编码 | F1: 产品名称 | G1: 运营 | H1: 品线 | I1: 是否淘汰款 | J1: 上架时间 | K1: 开售时间 | L1: 46053 | M1: 新老品/界定 | N1: 备注
A2: Qinkell-US | B2: Qinkell美国站 | C2: =B2&D2 | D2: 1005BG QC1 | E2: 211F1005BG4 | F2: 1005二功能落地浴缸龙头拉丝钛金 | G2: 刘皓 | H2: 落地浴缸 | I2: 是 | J2: 44494 | K2: 44494 | L2: =DATEDIF(J2,$L$1,"M") | M2: =IF(L2<18,"新品期",IF(L2<=36,"老品期","衰退期"))
A3: Qinkell-CA | B3: Qinkell加拿大站 | C3: =B3&D3 | D3: 1005BG QC1 | E3: 211F1005BG4 | F3: 1005二功能落地浴缸龙头拉丝钛金 | G3: 刘皓 | H3: 落地浴缸 | I3: 是 | J3: 44494 | K3: 44494 | L3: =DATEDIF(J3,$L$1,"M") | M3: =IF(L3<18,"新品期",IF(L3<=36,"老品期","衰退期"))
A4: Qinkell-US | B4: Qinkell美国站 | C4: =B4&D4 | D4: 1005BK QC1 | E4: 211F1005BK2 | F4: 1005二功能落地浴缸龙头酸铜发黑 | G4: 刘皓 | H4: 落地浴缸 | I4: 是 | J4: 44494 | K4: 44494 | L4: =DATEDIF(J4,$L$1,"M") | M4: =IF(L4<18,"新品期",IF(L4<=36,"老品期","衰退期"))
A5: Qinkell-CA | B5: Qinkell加拿大站 | C5: =B5&D5 | D5: 1005BK QC1 | E5: 211F1005BK2 | F5: 1005二功能落地浴缸龙头酸铜发黑 | G5: 刘皓 | H5: 落地浴缸 | I5: 是 | J5: 44494 | K5: 44494 | L5: =DATEDIF(J5,$L$1,"M") | M5: =IF(L5<18,"新品期",IF(L5<=36,"老品期","衰退期"))
A6: Qinkell-US | B6: Qinkell美国站 | C6: =B6&D6 | D6: 1005BN QC1 | E6: 211F1005BN3 | F6: 1005二功能落地浴缸龙头拉丝PVD | G6: 刘皓 | H6: 落地浴缸 | I6: 是 | J6: 44494 | K6: 44494 | L6: =DATEDIF(J6,$L$1,"M") | M6: =IF(L6<18,"新品期",IF(L6<=36,"老品期","衰退期"))
A7: Qinkell-US | B7: Qinkell美国站 | C7: =B7&D7 | D7: 1005CP QC1 | E7: 211F1005CP1 | F7: 1005二功能落地浴缸龙头铬 | G7: 刘皓 | H7: 落地浴缸 | I7: 是 | J7: 44494 | K7: 44494 | L7: =DATEDIF(J7,$L$1,"M") | M7: =IF(L7<18,"新品期",IF(L7<=36,"老品期","衰退期"))
A8: Qinkell-US | B8: Qinkell美国站 | C8: =B8&D8 | D8: 1005ORB QC1 | E8: 211F1005OB1 | F8: 1005二功能落地浴缸龙头拉丝古铜色 | G8: 刘皓 | H8: 落地浴缸 | I8: 是 | J8: 44494 | K8: 44494 | L8: =DATEDIF(J8,$L$1,"M") | M8: =IF(L8<18,"新品期",IF(L8<=36,"老品期","衰退期"))
A9: Qinkell-CA | B9: Qinkell加拿大站 | C9: =B9&D9 | D9: 1005ORB QC1 | E9: 211F1005OB1 | F9: 1005二功能落地浴缸龙头拉丝古铜色 | G9: 刘皓 | H9: 落地浴缸 | I9: 是 | J9: 44494 | K9: 44494 | L9: =DATEDIF(J9,$L$1,"M") | M9: =IF(L9<18,"新品期",IF(L9<=36,"老品期","衰退期"))
A10: Qinkell-US | B10: Qinkell美国站 | C10: =B10&D10 | D10: 1006BG QC1 | E10: 211F1006BG1 | F10: 1006二功能落地浴缸龙头拉丝钛金封油 | G10: 刘皓 | H10: 落地浴缸 | I10: 是 | J10: 44494 | K10: 44494 | L10: =DATEDIF(J10,$L$1,"M") | M10: =IF(L10<18,"新品期",IF(L10<=36,"老品期","衰退期"))
A11: Qinkell-CA | B11: Qinkell加拿大站 | C11: =B11&D11 | D11: 1006BG QC1 | E11: 211F1006BG1 | F11: 1006二功能落地浴缸龙头拉丝钛金封油 | G11: 刘皓 | H11: 落地浴缸 | I11: 是 | J11: 44494 | K11: 44494 | L11: =DATEDIF(J11,$L$1,"M") | M11: =IF(L11<18,"新品期",IF(L11<=36,"老品期","衰退期"))
A12: Qinkell-US | B12: Qinkell美国站 | C12: =B12&D12 | D12: 1006BK QC1 | E12: 211F1006BK1 | F12: 1006二功能落地浴缸龙头酸铜发黑 | G12: 刘皓 | H12: 落地浴缸 | I12: 是 | J12: 44494 | K12: 44494 | L12: =DATEDIF(J12,$L$1,"M") | M12: =IF(L12<18,"新品期",IF(L12<=36,"老品期","衰退期"))
A13: Qinkell-CA | B13: Qinkell加拿大站 | C13: =B13&D13 | D13: 1006BK QC1 | E13: 211F1006BK1 | F13: 1006二功能落地浴缸龙头酸铜发黑 | G13: 刘皓 | H13: 落地浴缸 | I13: 是 | J13: 44494 | K13: 44494 | L13: =DATEDIF(J13,$L$1,"M") | M13: =IF(L13<18,"新品期",IF(L13<=36,"老品期","衰退期"))
... A116: Qinkell-US | B116: Qinkell美国站 | C116: =B116&D116 | D116: 5002ORB QC1 | E116: 231F5002OB1 | F116: 5002二功能入墙浴缸龙头拉丝古铜色 | G116: 朱艺璇 | H116: 缸边浴缸 | I116: 是 | J116: 44409 | K116: 44409 | L116: =DATEDIF(J116,$L$1,"M") | M116: =IF(L116<18,"新品期",IF(L116<=36,"老品期","衰退期"))
A117: Jabbol-US | B117: Jabbol美国站 | C117: =B117&D117 | D117: 8801 BK-ZZ | E117: 110F0088BK1 | F117: 88系列矮身单孔正开面盆龙头电泳黑 | G117: 曾志发 | H117: 面盆 | I117: 是 | J117: 45599 | K117: 45599 | L117: =DATEDIF(J117,$L$1,"M") | M117: =IF(L117<18,"新品期",IF(L117<=36,"老品期","衰退期")) | N117: 种子链接，2025年9月1号以前梁丽梅负责
A118: Jabbol-US | B118: Jabbol美国站 | C118: =B118&D118 | D118: 8801 ORB-ZZ | E118: 110F0088OB1 | F118: 88系列矮身单孔正开面盆龙头拉丝红古铜 | G118: 曾志发 | H118: 面盆 | I118: 是 | J118: 45599 | K118: 45599 | L118: =DATEDIF(J118,$L$1,"M") | M118: =IF(L118<18,"新品期",IF(L118<=36,"老品期","衰退期")) | N118: 种子链接，2025年9月1号以前梁丽梅负责
A119: Jabbol-US | B119: Jabbol美国站 | C119: =B119&D119 | D119: 8801BGJB-1 | E119: 110F0088BG1 | F119: 88系列矮身单孔正开面盆龙头拉丝钛金封油 | G119: 曾志发 | H119: 面盆 | I119: 否 | J119: 45562 | K119: 45562 | L119: =DATEDIF(J119,$L$1,"M") | M119: =IF(L119<18,"新品期",IF(L119<=36,"老品期","衰退期")) | N119: 2025年9月1号以前梁丽梅负责
A120: Jabbol-US | B120: Jabbol美国站 | C120: =B120&D120 | D120: 8801BKJB-1 | E120: 110F0088BK1 | F120: 88系列矮身单孔正开面盆龙头电泳黑 | G120: 曾志发 | H120: 面盆 | I120: 否 | J120: 45562 | K120: 45562 | L120: =DATEDIF(J120,$L$1,"M") | M120: =IF(L120<18,"新品期",IF(L120<=36,"老品期","衰退期")) | N120: 2025年9月1号以前梁丽梅负责
A121: Jabbol-US | B121: Jabbol美国站 | C121: =B121&D121 | D121: 8801BNJB-1 | E121: 110F0088BN1 | F121: 88系列矮身单孔正开面盆龙头拉丝封油 | G121: 曾志发 | H121: 面盆 | I121: 否 | J121: 45562 | K121: 45562 | L121: =DATEDIF(J121,$L$1,"M") | M121: =IF(L121<18,"新品期",IF(L121<=36,"老品期","衰退期")) | N121: 2025年9月1号以前梁丽梅负责
A122: Jabbol-US | B122: Jabbol美国站 | C122: =B122&D122 | D122: 8801CPJB-1 | E122: 110F0088CP1 | F122: 88系列矮身单孔正开面盆龙头铬色 | G122: 曾志发 | H122: 面盆 | I122: 否 | J122: 45562 | K122: 45562 | L122: =DATEDIF(J122,$L$1,"M") | M122: =IF(L122<18,"新品期",IF(L122<=36,"老品期","衰退期")) | N122: 2025年9月1号以前梁丽梅负责
A123: Jabbol-US | B123: Jabbol美国站 | C123: =B123&D123 | D123: 8801ORBJB-1 | E123: 110F0088OB1 | F123: 88系列矮身单孔正开面盆龙头拉丝红古铜 | G123: 曾志发 | H123: 面盆 | I123: 否 | J123: 45562 | K123: 45562 | L123: =DATEDIF(J123,$L$1,"M") | M123: =IF(L123<18,"新品期",IF(L123<=36,"老品期","衰退期")) | N123: 2025年9月1号以前梁丽梅负责
A124: Jabbol-US | B124: Jabbol美国站 | C124: =B124&D124 | D124: 8804BGJB-1 | E124: 140F0088BG1 | F124: 88系列分体面盆龙头拉丝钛金封油 | G124: 曾志发 | H124: 面盆 | I124: 否 | J124: 45610 | K124: 45610 | L124: =DATEDIF(J124,$L$1,"M") | M124: =IF(L124<18,"新品期",IF(L124<=36,"老品期","衰退期")) | N124: 2025年9月1号以前梁丽梅负责
A125: Jabbol-US | B125: Jabbol美国站 | C125: =B125&D125 | D125: 8804BKJB-1 | E125: 140F0088BK1 | F125: 88系列分体面盆龙头电泳黑 | G125: 曾志发 | H125: 面盆 | I125: 否 | J125: 45610 | K125: 45610 | L125: =DATEDIF(J125,$L$1,"M") | M125: =IF(L125<18,"新品期",IF(L125<=36,"老品期","衰退期")) | N125: 2025年9月1号以前梁丽梅负责
A126: Jabbol-US | B126: Jabbol美国站 | C126: =B126&D126 | D126: 8804BNJB-1 | E126: 140F0088BN1 | F126: 88系列分体面盆龙头拉丝封油 | G126: 曾志发 | H126: 面盆 | I126: 否 | J126: 45610 | K126: 45610 | L126: =DATEDIF(J126,$L$1,"M") | M126: =IF(L126<18,"新品期",IF(L126<=36,"老品期","衰退期")) | N126: 2025年9月1号以前梁丽梅负责
A127: Jabbol-US | B127: Jabbol美国站 | C127: =B127&D127 | D127: 8804CPJB-1 | E127: 140F0088CP1 | F127: 88系列分体面盆龙头铬色 | G127: 曾志发 | H127: 面盆 | I127: 否 | J127: 45610 | K127: 45610 | L127: =DATEDIF(J127,$L$1,"M") | M127: =IF(L127<18,"新品期",IF(L127<=36,"老品期","衰退期")) | N127: 2025年9月1号以前梁丽梅负责
A128: Jabbol-US | B128: Jabbol美国站 | C128: =B128&D128 | D128: 8804ORBJB-1 | E128: 140F0088OB1 | F128: 88系列分体面盆龙头拉丝红古铜 | G128: 曾志发 | H128: 面盆 | I128: 否 | J128: 45610 | K128: 45610 | L128: =DATEDIF(J128,$L$1,"M") | M128: =IF(L128<18,"新品期",IF(L128<=36,"老品期","衰退期")) | N128: 2025年9月1号以前梁丽梅负责
A129: Jabbol-US | B129: Jabbol美国站 | C129: =B129&D129 | D129: 8807BGJB-2 | E129: 221F0088BG1 | F129: 88系列三件套缸边浴缸龙头拉丝钛金封油 | G129: 朱艺璇 | H129: 缸边浴缸 | I129: 否 | J129: 45488 | K129: 45659 | L129: =DATEDIF(J129,$L$1,"M") | M129: =IF(L129<18,"新品期",IF(L129<=36,"老品期","衰退期"))
A130: Jabbol-US | B130: Jabbol美国站 | C130: =B130&D130 | D130: 8807BGJB-ZZ | E130: 221F0088BG1 | F130: 88系列三件套缸边浴缸龙头拉丝钛金封油 | G130: 朱艺璇 | H130: 缸边浴缸 | I130: 是 | J130: 45488 | K130: 45659 | L130: =DATEDIF(J130,$L$1,"M") | M130: =IF(L130<18,"新品期",IF(L130<=36,"老品期","衰退期"))
A131: Jabbol-US | B131: Jabbol美国站 | C131: =B131&D131 | D131: 8807BK JB-ZZ01 | E131: 221F0088BK1 | F131: 88系列三件套缸边浴缸龙头电泳黑 | G131: 朱艺璇 | H131: 缸边浴缸 | I131: 是 | J131: 45488 | K131: 45659 | L131: =DATEDIF(J131,$L$1,"M") | M131: =IF(L131<18,"新品期",IF(L131<=36,"老品期","衰退期"))
A132: Jabbol-US | B132: Jabbol美国站 | C132: =B132&D132 | D132: 8807BKJB-2 | E132: 221F0088BK1 | F132: 88系列三件套缸边浴缸龙头电泳黑 | G132: 朱艺璇 | H132: 缸边浴缸 | I132: 否 | J132: 45488 | K132: 45659 | L132: =DATEDIF(J132,$L$1,"M") | M132: =IF(L132<18,"新品期",IF(L132<=36,"老品期","衰退期"))
A133: Jabbol-US | B133: Jabbol美国站 | C133: =B133&D133 | D133: 8807BKJB-ZZ | E133: 221F0088BK1 | F133: 88系列三件套缸边浴缸龙头电泳黑 | G133: 朱艺璇 | H133: 缸边浴缸 | I133: 是 | J133: 45488 | K133: 45659 | L133: =DATEDIF(J133,$L$1,"M") | M133: =IF(L133<18,"新品期",IF(L133<=36,"老品期","衰退期"))
A134: Jabbol-US | B134: Jabbol美国站 | C134: =B134&D134 | D134: 8807BN JB-ZZ01 | E134: 221F0088BN1 | F134: 88系列三件套缸边浴缸龙头拉丝封油 | G134: 朱艺璇 | H134: 缸边浴缸 | I134: 是 | J134: 45488 | K134: 45659 | L134: =DATEDIF(J134,$L$1,"M") | M134: =IF(L134<18,"新品期",IF(L134<=36,"老品期","衰退期"))
A135: Jabbol-US | B135: Jabbol美国站 | C135: =B135&D135 | D135: 8807BNJB-2 | E135: 221F0088BN1 | F135: 88系列三件套缸边浴缸龙头拉丝封油 | G135: 朱艺璇 | H135: 缸边浴缸 | I135: 否 | J135: 45488 | K135: 45659 | L135: =DATEDIF(J135,$L$1,"M") | M135: =IF(L135<18,"新品期",IF(L135<=36,"老品期","衰退期"))
A136: Jabbol-US | B136: Jabbol美国站 | C136: =B136&D136 | D136: 8807BNJB-ZZ | E136: 221F0088BN1 | F136: 88系列三件套缸边浴缸龙头拉丝封油 | G136: 朱艺璇 | H136: 缸边浴缸 | I136: 是 | J136: 45488 | K136: 45659 | L136: =DATEDIF(J136,$L$1,"M") | M136: =IF(L136<18,"新品期",IF(L136<=36,"老品期","衰退期"))
A137: Jabbol-US | B137: Jabbol美国站 | C137: =B137&D137 | D137: 8807CP JB-ZZ01 | E137: 221F0088CP1 | F137: 88系列三件套缸边浴缸龙头铬色 | G137: 朱艺璇 | H137: 缸边浴缸 | I137: 是 | J137: 45488 | K137: 45659 | L137: =DATEDIF(J137,$L$1,"M") | M137: =IF(L137<18,"新品期",IF(L137<=36,"老品期","衰退期"))
A138: Jabbol-US | B138: Jabbol美国站 | C138: =B138&D138 | D138: 8807CPJB-2 | E138: 221F0088CP1 | F138: 88系列三件套缸边浴缸龙头铬色 | G138: 朱艺璇 | H138: 缸边浴缸 | I138: 否 | J138: 45488 | K138: 45659 | L138: =DATEDIF(J138,$L$1,"M") | M138: =IF(L138<18,"新品期",IF(L138<=36,"老品期","衰退期"))
A139: Jabbol-US | B139: Jabbol美国站 | C139: =B139&D139 | D139: 8807ORBJB-2 | E139: 221F0088OB1 | F139: 88系列三件套缸边浴缸龙头拉丝红古铜 | G139: 朱艺璇 | H139: 缸边浴缸 | I139: 否 | J139: 45488 | K139: 45659 | L139: =DATEDIF(J139,$L$1,"M") | M139: =IF(L139<18,"新品期",IF(L139<=36,"老品期","衰退期"))
A140: Jabbol-US | B140: Jabbol美国站 | C140: =B140&D140 | D140: 8807ORBJB-ZZ | E140: 221F0088OB1 | F140: 88系列三件套缸边浴缸龙头拉丝红古铜 | G140: 朱艺璇 | H140: 缸边浴缸 | I140: 是 | J140: 45488 | K140: 45659 | L140: =DATEDIF(J140,$L$1,"M") | M140: =IF(L140<18,"新品期",IF(L140<=36,"老品期","衰退期"))
... A150: Jabbol-US | B150: Jabbol美国站 | C150: =B150&D150 | D150: 8809ORB JB-1 | E150: 223F0088OB1 | F150: 88系列五件套缸边浴缸龙头拉丝红古铜 | G150: 朱艺璇 | H150: 缸边浴缸 | I150: 是 | J150: 45488 | K150: 45705 | L150: =DATEDIF(J150,$L$1,"M") | M150: =IF(L150<18,"新品期",IF(L150<=36,"老品期","衰退期"))
A151: Jabbol-US | B151: Jabbol美国站 | C151: =B151&D151 | D151: 8811 BG01 | E151: 211F0088BG1 | F151: 8811落地浴缸龙头拉丝钛金封油 | G151: 刘皓 | H151: 落地浴缸 | I151: 否 | J151: 45553 | K151: 45748 | L151: =DATEDIF(J151,$L$1,"M") | M151: =IF(L151<18,"新品期",IF(L151<=36,"老品期","衰退期")) | N151: 2026年4月17日之前王幸负责
A152: Jabbol-CA | B152: Jabbol加拿大站 | C152: =B152&D152 | D152: 8811 BG01 | E152: 211F0088BG1 | F152: 8811落地浴缸龙头拉丝钛金封油 | G152: 刘皓 | H152: 落地浴缸 | I152: 否 | J152: 45553 | K152: 45748 | L152: =DATEDIF(J152,$L$1,"M") | M152: =IF(L152<18,"新品期",IF(L152<=36,"老品期","衰退期")) | N152: 2026年4月17日之前王幸负责
A153: Jabbol-US | B153: Jabbol美国站 | C153: =B153&D153 | D153: 8811 BK01 | E153: 211F0088BK2 | F153: 8811落地浴缸龙头哑黑 | G153: 刘皓 | H153: 落地浴缸 | I153: 否 | J153: 45553 | K153: 45748 | L153: =DATEDIF(J153,$L$1,"M") | M153: =IF(L153<18,"新品期",IF(L153<=36,"老品期","衰退期")) | N153: 2026年4月17日之前王幸负责
A154: Jabbol-CA | B154: Jabbol加拿大站 | C154: =B154&D154 | D154: 8811 BK01 | E154: 211F0088BK2 | F154: 8811落地浴缸龙头哑黑 | G154: 刘皓 | H154: 落地浴缸 | I154: 否 | J154: 45553 | K154: 45748 | L154: =DATEDIF(J154,$L$1,"M") | M154: =IF(L154<18,"新品期",IF(L154<=36,"老品期","衰退期")) | N154: 2026年4月17日之前王幸负责
A155: Jabbol-US | B155: Jabbol美国站 | C155: =B155&D155 | D155: 8811 BN01 | E155: 211F0088BN1 | F155: 8811落地浴缸龙头拉丝封油 | G155: 刘皓 | H155: 落地浴缸 | I155: 否 | J155: 45553 | K155: 45748 | L155: =DATEDIF(J155,$L$1,"M") | M155: =IF(L155<18,"新品期",IF(L155<=36,"老品期","衰退期")) | N155: 2026年4月17日之前王幸负责
A156: Jabbol-CA | B156: Jabbol加拿大站 | C156: =B156&D156 | D156: 8811 BN01 | E156: 211F0088BN1 | F156: 8811落地浴缸龙头拉丝封油 | G156: 刘皓 | H156: 落地浴缸 | I156: 否 | J156: 45553 | K156: 45748 | L156: =DATEDIF(J156,$L$1,"M") | M156: =IF(L156<18,"新品期",IF(L156<=36,"老品期","衰退期")) | N156: 2026年4月17日之前王幸负责
A157: Jabbol-US | B157: Jabbol美国站 | C157: =B157&D157 | D157: 8811 CP01 | E157: 211F0088CP1 | F157: 8811落地浴缸龙头铬色 | G157: 刘皓 | H157: 落地浴缸 | I157: 否 | J157: 45553 | K157: 45748 | L157: =DATEDIF(J157,$L$1,"M") | M157: =IF(L157<18,"新品期",IF(L157<=36,"老品期","衰退期")) | N157: 2026年4月17日之前王幸负责
A158: Jabbol-CA | B158: Jabbol加拿大站 | C158: =B158&D158 | D158: 8811 CP01 | E158: 211F0088CP1 | F158: 8811落地浴缸龙头铬色 | G158: 刘皓 | H158: 落地浴缸 | I158: 否 | J158: 45553 | K158: 45748 | L158: =DATEDIF(J158,$L$1,"M") | M158: =IF(L158<18,"新品期",IF(L158<=36,"老品期","衰退期")) | N158: 2026年4月17日之前王幸负责
A159: Jabbol-US | B159: Jabbol美国站 | C159: =B159&D159 | D159: 8811 ORB01 | E159: 211F0088OB1 | F159: 8811落地浴缸龙头拉丝古铜色 | G159: 刘皓 | H159: 落地浴缸 | I159: 否 | J159: 45553 | K159: 45748 | L159: =DATEDIF(J159,$L$1,"M") | M159: =IF(L159<18,"新品期",IF(L159<=36,"老品期","衰退期")) | N159: 2026年4月17日之前王幸负责
A160: Jabbol-CA | B160: Jabbol加拿大站 | C160: =B160&D160 | D160: 8811 ORB01 | E160: 211F0088OB1 | F160: 8811落地浴缸龙头拉丝古铜色 | G160: 刘皓 | H160: 落地浴缸 | I160: 否 | J160: 45553 | K160: 45748 | L160: =DATEDIF(J160,$L$1,"M") | M160: =IF(L160<18,"新品期",IF(L160<=36,"老品期","衰退期")) | N160: 2026年4月17日之前王幸负责
A161: Jabbol-US | B161: Jabbol美国站 | C161: =B161&D161 | D161: 8811BG JB-ZZ | E161: 211F0088BG1 | F161: 8811落地浴缸龙头拉丝钛金封油 | G161: 刘皓 | H161: 落地浴缸 | I161: 否 | J161: 45553 | K161: 45748 | L161: =DATEDIF(J161,$L$1,"M") | M161: =IF(L161<18,"新品期",IF(L161<=36,"老品期","衰退期")) | N161: 2026年4月17日之前王幸负责
A162: Jabbol-US | B162: Jabbol美国站 | C162: =B162&D162 | D162: 8811BK JB-ZZ | E162: 211F0088BK2 | F162: 8811落地浴缸龙头哑黑 | G162: 刘皓 | H162: 落地浴缸 | I162: 否 | J162: 45553 | K162: 45748 | L162: =DATEDIF(J162,$L$1,"M") | M162: =IF(L162<18,"新品期",IF(L162<=36,"老品期","衰退期")) | N162: 2026年4月17日之前王幸负责
... A230: Qinkell-US | B230: Qinkell美国站 | C230: =B230&D230 | D230: 8909ORB QC1BY1 | E230: 223F0089OB1 | F230: 89系列五件套缸边浴缸龙头拉丝红古铜 | G230: 陈巧娴 | H230: 缸边浴缸 | I230: 是 | J230: 45742 | K230: 45742 | L230: =DATEDIF(J230,$L$1,"M") | M230: =IF(L230<18,"新品期",IF(L230<=36,"老品期","衰退期")) | N230: 2025年6月（含6月）前艺璇负责
A231: Qinkell-US | B231: Qinkell美国站 | C231: =B231&D231 | D231: 8911BG QC1 | E231: 211F0089BG1 | F231: 8911落地浴缸龙头拉丝钛金封油 | G231: 刘皓 | H231: 落地浴缸 | I231: 否 | J231: 45685 | K231: / | L231: =DATEDIF(J231,$L$1,"M") | M231: =IF(L231<18,"新品期",IF(L231<=36,"老品期","衰退期")) | N231: 备用链接，没发货
A232: Qinkell-US | B232: Qinkell美国站 | C232: =B232&D232 | D232: 8911BG QC1BY1 | E232: 211F0089BG1 | F232: 8911落地浴缸龙头拉丝钛金封油 | G232: 刘皓 | H232: 落地浴缸 | I232: 否 | J232: 45685 | K232: / | L232: =DATEDIF(J232,$L$1,"M") | M232: =IF(L232<18,"新品期",IF(L232<=36,"老品期","衰退期")) | N232: 备用链接，没发货
A233: Qinkell-US | B233: Qinkell美国站 | C233: =B233&D233 | D233: 8911BK QC1 | E233: 211F0089BK1 | F233: 8911落地浴缸龙头哑黑 | G233: 刘皓 | H233: 落地浴缸 | I233: 否 | J233: 45685 | K233: / | L233: =DATEDIF(J233,$L$1,"M") | M233: =IF(L233<18,"新品期",IF(L233<=36,"老品期","衰退期")) | N233: 备用链接，没发货
A234: Qinkell-US | B234: Qinkell美国站 | C234: =B234&D234 | D234: 8911BK QC1BY1 | E234: 211F0089BK1 | F234: 8911落地浴缸龙头哑黑 | G234: 刘皓 | H234: 落地浴缸 | I234: 否 | J234: 45685 | K234: / | L234: =DATEDIF(J234,$L$1,"M") | M234: =IF(L234<18,"新品期",IF(L234<=36,"老品期","衰退期")) | N234: 备用链接，没发货
A235: Qinkell-US | B235: Qinkell美国站 | C235: =B235&D235 | D235: 8911BN QC1 | E235: 211F0089BN1 | F235: 8911落地浴缸龙头拉丝封油 | G235: 刘皓 | H235: 落地浴缸 | I235: 否 | J235: 45685 | K235: / | L235: =DATEDIF(J235,$L$1,"M") | M235: =IF(L235<18,"新品期",IF(L235<=36,"老品期","衰退期")) | N235: 备用链接，没发货
A236: Qinkell-US | B236: Qinkell美国站 | C236: =B236&D236 | D236: 8911BN QC1BY1 | E236: 211F0089BN1 | F236: 8911落地浴缸龙头拉丝封油 | G236: 刘皓 | H236: 落地浴缸 | I236: 否 | J236: / | K236: / | L236: =DATEDIF(J236,$L$1,"M") | M236: =IF(L236<18,"新品期",IF(L236<=36,"老品期","衰退期")) | N236: 备用链接，没发货
A237: Qinkell-US | B237: Qinkell美国站 | C237: =B237&D237 | D237: 8911CP QC1 | E237: 211F0089CP1 | F237: 8911落地浴缸龙头铬色 | G237: 刘皓 | H237: 落地浴缸 | I237: 否 | J237: / | K237: / | L237: =DATEDIF(J237,$L$1,"M") | M237: =IF(L237<18,"新品期",IF(L237<=36,"老品期","衰退期")) | N237: 备用链接，没发货
A238: Qinkell-US | B238: Qinkell美国站 | C238: =B238&D238 | D238: 8911CP QC1BY1 | E238: 211F0089CP1 | F238: 8911落地浴缸龙头铬色 | G238: 刘皓 | H238: 落地浴缸 | I238: 否 | J238: / | K238: / | L238: =DATEDIF(J238,$L$1,"M") | M238: =IF(L238<18,"新品期",IF(L238<=36,"老品期","衰退期")) | N238: 备用链接，没发货
A239: Qinkell-US | B239: Qinkell美国站 | C239: =B239&D239 | D239: 8911ORB QC1 | E239: 211F0089OB1 | F239: 8911落地浴缸龙头拉丝古铜色 | G239: 刘皓 | H239: 落地浴缸 | I239: 否 | J239: / | K239: / | L239: =DATEDIF(J239,$L$1,"M") | M239: =IF(L239<18,"新品期",IF(L239<=36,"老品期","衰退期")) | N239: 备用链接，没发货
A240: Qinkell-US | B240: Qinkell美国站 | C240: =B240&D240 | D240: 8911ORB QC1BY1 | E240: 211F0089OB1 | F240: 8911落地浴缸龙头拉丝古铜色 | G240: 刘皓 | H240: 落地浴缸 | I240: 否 | J240: / | K240: / | L240: =DATEDIF(J240,$L$1,"M") | M240: =IF(L240<18,"新品期",IF(L240<=36,"老品期","衰退期")) | N240: 备用链接，没发货
A241: Hanallx-US | B241: Hanallx美国站 | C241: =B241&D241 | D241: HM-1005-BK | E241: 211F1005BK2 | F241: 1005二功能落地浴缸龙头酸铜发黑 | G241: 刘皓 | H241: 落地浴缸 | I241: 否 | J241: 45706 | K241: 45748 | L241: =DATEDIF(J241,$L$1,"M") | M241: =IF(L241<18,"新品期",IF(L241<=36,"老品期","衰退期"))
A242: Hanallx-US | B242: Hanallx美国站 | C242: =B242&D242 | D242: HM-1005-BN | E242: 211F1005BN3 | F242: 1005二功能落地浴缸龙头拉丝PVD | G242: 刘皓 | H242: 落地浴缸 | I242: 否 | J242: 45706 | K242: 45748 | L242: =DATEDIF(J242,$L$1,"M") | M242: =IF(L242<18,"新品期",IF(L242<=36,"老品期","衰退期"))
A243: Hanallx-US | B243: Hanallx美国站 | C243: =B243&D243 | D243: HM-1005-CP | E243: 211F1005CP1 | F243: 1005二功能落地浴缸龙头铬 | G243: 刘皓 | H243: 落地浴缸 | I243: 否 | J243: 45706 | K243: 45748 | L243: =DATEDIF(J243,$L$1,"M") | M243: =IF(L243<18,"新品期",IF(L243<=36,"老品期","衰退期"))
A244: Hanallx-US | B244: Hanallx美国站 | C244: =B244&D244 | D244: HM-1005-ORB | E244: 211F1005OB1 | F244: 1005二功能落地浴缸龙头拉丝古铜色 | G244: 刘皓 | H244: 落地浴缸 | I244: 否 | J244: 45706 | K244: 45748 | L244: =DATEDIF(J244,$L$1,"M") | M244: =IF(L244<18,"新品期",IF(L244<=36,"老品期","衰退期"))
A245: Hanallx-US | B245: Hanallx美国站 | C245: =B245&D245 | D245: HM-105-BN-ZZ | E245: 130F0105BN1 | F245: 0105四寸连体面盆龙头拉丝封油 | G245: 曾志发 | H245: 面盆 | I245: 是 | J245: 45469 | K245: 45469 | L245: =DATEDIF(J245,$L$1,"M") | M245: =IF(L245<18,"新品期",IF(L245<=36,"老品期","衰退期")) | N245: 种子链接，2025年9月1号以前梁丽梅负责
A246: Hanallx-US | B246: Hanallx美国站 | C246: =B246&D246 | D246: HM-105-ORB-ZZ | E246: 130F0105OB1 | F246: 0105四寸连体面盆龙头拉丝古铜色 | G246: 曾志发 | H246: 面盆 | I246: 是 | J246: 45469 | K246: 45469 | L246: =DATEDIF(J246,$L$1,"M") | M246: =IF(L246<18,"新品期",IF(L246<=36,"老品期","衰退期")) | N246: 种子链接，2025年9月1号以前梁丽梅负责
A247: Hanallx-CA | B247: Hanallx加拿大站 | C247: =B247&D247 | D247: HM-105-ORB-ZZ | E247: 130F0105OB1 | F247: 0105四寸连体面盆龙头拉丝古铜色 | G247: 曾志发 | H247: 面盆 | I247: 是 | J247: 45469 | K247: 45469 | L247: =DATEDIF(J247,$L$1,"M") | M247: =IF(L247<18,"新品期",IF(L247<=36,"老品期","衰退期")) | N247: 没有运营，2025年9月1号以前梁丽梅负责
A248: Hanallx-US | B248: Hanallx美国站 | C248: =B248&D248 | D248: HM-8801-BG | E248: 110F0088BG1 | F248: 88系列矮身单孔正开面盆龙头拉丝钛金封油 | G248: 曾志发 | H248: 面盆 | I248: 否 | J248: 45480 | K248: 45480 | L248: =DATEDIF(J248,$L$1,"M") | M248: =IF(L248<18,"新品期",IF(L248<=36,"老品期","衰退期")) | N248: 2025年9月1号以前梁丽梅负责
A249: Hanallx-CA | B249: Hanallx加拿大站 | C249: =B249&D249 | D249: HM-8801-BG | E249: 110F0088BG1 | F249: 88系列矮身单孔正开面盆龙头拉丝钛金封油 | G249: 曾志发 | H249: 面盆 | I249: 否 | J249: 45480 | K249: 45480 | L249: =DATEDIF(J249,$L$1,"M") | M249: =IF(L249<18,"新品期",IF(L249<=36,"老品期","衰退期")) | N249: 没有运营，2025年9月1号以前梁丽梅负责
A250: Hanallx-US | B250: Hanallx美国站 | C250: =B250&D250 | D250: HM-8801-BK | E250: 110F0088BK1 | F250: 88系列矮身单孔正开面盆龙头电泳黑 | G250: 曾志发 | H250: 面盆 | I250: 否 | J250: 45480 | K250: 45480 | L250: =DATEDIF(J250,$L$1,"M") | M250: =IF(L250<18,"新品期",IF(L250<=36,"老品期","衰退期")) | N250: 2025年9月1号以前梁丽梅负责
A251: Hanallx-CA | B251: Hanallx加拿大站 | C251: =B251&D251 | D251: HM-8801-BK | E251: 110F0088BK1 | F251: 88系列矮身单孔正开面盆龙头电泳黑 | G251: 曾志发 | H251: 面盆 | I251: 否 | J251: 45480 | K251: 45480 | L251: =DATEDIF(J251,$L$1,"M") | M251: =IF(L251<18,"新品期",IF(L251<=36,"老品期","衰退期")) | N251: 没有运营，2025年9月1号以前梁丽梅负责
A252: Hanallx-US | B252: Hanallx美国站 | C252: =B252&D252 | D252: HM-8801-BN | E252: 110F0088BN1 | F252: 88系列矮身单孔正开面盆龙头拉丝封油 | G252: 曾志发 | H252: 面盆 | I252: 否 | J252: 45480 | K252: 45480 | L252: =DATEDIF(J252,$L$1,"M") | M252: =IF(L252<18,"新品期",IF(L252<=36,"老品期","衰退期")) | N252: 2025年9月1号以前梁丽梅负责
A253: Hanallx-US | B253: Hanallx美国站 | C253: =B253&D253 | D253: HM-8801-BN2 | E253: 110F0088BN1 | F253: 88系列矮身单孔正开面盆龙头拉丝封油 | G253: 曾志发 | H253: 面盆 | I253: 否 | J253: 45480 | K253: 45480 | L253: =DATEDIF(J253,$L$1,"M") | M253: =IF(L253<18,"新品期",IF(L253<=36,"老品期","衰退期")) | N253: 2025年9月1号以前梁丽梅负责
A254: Hanallx-CA | B254: Hanallx加拿大站 | C254: =B254&D254 | D254: HM-8801-BN2 | E254: 110F0088BN1 | F254: 88系列矮身单孔正开面盆龙头拉丝封油 | G254: 曾志发 | H254: 面盆 | I254: 否 | J254: 45480 | K254: 45480 | L254: =DATEDIF(J254,$L$1,"M") | M254: =IF(L254<18,"新品期",IF(L254<=36,"老品期","衰退期")) | N254: 没有运营，2025年9月1号以前梁丽梅负责
A255: Hanallx-US | B255: Hanallx美国站 | C255: =B255&D255 | D255: HM-8801-CP | E255: 110F0088CP1 | F255: 88系列矮身单孔正开面盆龙头铬色 | G255: 曾志发 | H255: 面盆 | I255: 否 | J255: 45480 | K255: 45480 | L255: =DATEDIF(J255,$L$1,"M") | M255: =IF(L255<18,"新品期",IF(L255<=36,"老品期","衰退期")) | N255: 2025年9月1号以前梁丽梅负责
A256: Hanallx-US | B256: Hanallx美国站 | C256: =B256&D256 | D256: HM-8801-CP2 | E256: 110F0088CP1 | F256: 88系列矮身单孔正开面盆龙头铬色 | G256: 曾志发 | H256: 面盆 | I256: 否 | J256: 45480 | K256: 45480 | L256: =DATEDIF(J256,$L$1,"M") | M256: =IF(L256<18,"新品期",IF(L256<=36,"老品期","衰退期")) | N256: 2025年9月1号以前梁丽梅负责
... A267: Hanallx-US | B267: Hanallx美国站 | C267: =B267&D267 | D267: HM-8804-ORB1 | E267: 140F0088OB1 | F267: 88系列分体面盆龙头拉丝红古铜 | G267: 曾志发 | H267: 面盆 | I267: 否 | J267: 45586 | K267: 45586 | L267: =DATEDIF(J267,$L$1,"M") | M267: =IF(L267<18,"新品期",IF(L267<=36,"老品期","衰退期")) | N267: 2025年9月1号以前梁丽梅负责
A268: Hanallx-US | B268: Hanallx美国站 | C268: =B268&D268 | D268: HM-8807-BG | E268: 221F0088BG1 | F268: 88系列三件套缸边浴缸龙头拉丝钛金封油 | G268: 朱艺璇 | H268: 缸边浴缸 | I268: 否 | J268: 45488 | K268: 45612 | L268: =DATEDIF(J268,$L$1,"M") | M268: =IF(L268<18,"新品期",IF(L268<=36,"老品期","衰退期"))
A269: Hanallx-US | B269: Hanallx美国站 | C269: =B269&D269 | D269: HM-8807-BG-zz | E269: 221F0088BG1 | F269: 88系列三件套缸边浴缸龙头拉丝钛金封油 | G269: 朱艺璇 | H269: 缸边浴缸 | I269: 是 | J269: 45488 | K269: 45612 | L269: =DATEDIF(J269,$L$1,"M") | M269: =IF(L269<18,"新品期",IF(L269<=36,"老品期","衰退期"))
A270: Hanallx-CA | B270: Hanallx加拿大站 | C270: =B270&D270 | D270: HM-8807-BG-zz | E270: 221F0088BG1 | F270: 88系列三件套缸边浴缸龙头拉丝钛金封油 | G270: 朱艺璇 | H270: 缸边浴缸 | I270: 是 | J270: 45488 | K270: 45612 | L270: =DATEDIF(J270,$L$1,"M") | M270: =IF(L270<18,"新品期",IF(L270<=36,"老品期","衰退期"))
A271: Hanallx-US | B271: Hanallx美国站 | C271: =B271&D271 | D271: HM-8807-BK-zz | E271: 221F0088BK1 | F271: 88系列三件套缸边浴缸龙头电泳黑 | G271: 朱艺璇 | H271: 缸边浴缸 | I271: 否 | J271: 45488 | K271: 45612 | L271: =DATEDIF(J271,$L$1,"M") | M271: =IF(L271<18,"新品期",IF(L271<=36,"老品期","衰退期"))
A272: Hanallx-CA | B272: Hanallx加拿大站 | C272: =B272&D272 | D272: HM-8807-BK-zz | E272: 221F0088BK1 | F272: 88系列三件套缸边浴缸龙头电泳黑 | G272: 朱艺璇 | H272: 缸边浴缸 | I272: 否 | J272: 45488 | K272: 45612 | L272: =DATEDIF(J272,$L$1,"M") | M272: =IF(L272<18,"新品期",IF(L272<=36,"老品期","衰退期"))
A273: Hanallx-US | B273: Hanallx美国站 | C273: =B273&D273 | D273: HM-8807-BN | E273: 221F0088BN1 | F273: 88系列三件套缸边浴缸龙头拉丝封油 | G273: 朱艺璇 | H273: 缸边浴缸 | I273: 否 | J273: 45488 | K273: 45612 | L273: =DATEDIF(J273,$L$1,"M") | M273: =IF(L273<18,"新品期",IF(L273<=36,"老品期","衰退期"))
A274: Hanallx-US | B274: Hanallx美国站 | C274: =B274&D274 | D274: HM-8807-CP | E274: 221F0088CP1 | F274: 88系列三件套缸边浴缸龙头铬色 | G274: 朱艺璇 | H274: 缸边浴缸 | I274: 否 | J274: 45488 | K274: 45612 | L274: =DATEDIF(J274,$L$1,"M") | M274: =IF(L274<18,"新品期",IF(L274<=36,"老品期","衰退期"))
A275: Hanallx-US | B275: Hanallx美国站 | C275: =B275&D275 | D275: HM-8807-ORB | E275: 221F0088OB1 | F275: 88系列三件套缸边浴缸龙头拉丝红古铜 | G275: 朱艺璇 | H275: 缸边浴缸 | I275: 否 | J275: 45488 | K275: 45612 | L275: =DATEDIF(J275,$L$1,"M") | M275: =IF(L275<18,"新品期",IF(L275<=36,"老品期","衰退期"))
A276: Hanallx-US | B276: Hanallx美国站 | C276: =B276&D276 | D276: HM-8808-BG | E276: 222F0088BG1 | F276: 88系列四件套缸边浴缸龙头拉丝钛金封油 | G276: 朱艺璇 | H276: 缸边浴缸 | I276: 否 | J276: 45488 | K276: 45675 | L276: =DATEDIF(J276,$L$1,"M") | M276: =IF(L276<18,"新品期",IF(L276<=36,"老品期","衰退期"))
A277: Hanallx-US | B277: Hanallx美国站 | C277: =B277&D277 | D277: HM-8808-BG-zz | E277: 222F0088BG1 | F277: 88系列四件套缸边浴缸龙头拉丝钛金封油 | G277: 朱艺璇 | H277: 缸边浴缸 | I277: 是 | J277: 45488 | K277: 45675 | L277: =DATEDIF(J277,$L$1,"M") | M277: =IF(L277<18,"新品期",IF(L277<=36,"老品期","衰退期"))
A278: Hanallx-US | B278: Hanallx美国站 | C278: =B278&D278 | D278: HM-8808-BK | E278: 222F0088BK1 | F278: 88系列四件套缸边浴缸龙头电泳黑 | G278: 朱艺璇 | H278: 缸边浴缸 | I278: 否 | J278: 45488 | K278: 45675 | L278: =DATEDIF(J278,$L$1,"M") | M278: =IF(L278<18,"新品期",IF(L278<=36,"老品期","衰退期"))
A279: Hanallx-US | B279: Hanallx美国站 | C279: =B279&D279 | D279: HM-8808-BK-zz | E279: 222F0088BK1 | F279: 88系列四件套缸边浴缸龙头电泳黑 | G279: 朱艺璇 | H279: 缸边浴缸 | I279: 是 | J279: 45488 | K279: 45675 | L279: =DATEDIF(J279,$L$1,"M") | M279: =IF(L279<18,"新品期",IF(L279<=36,"老品期","衰退期"))
... A288: Hanallx-US | B288: Hanallx美国站 | C288: =B288&D288 | D288: HM-8809-ORB | E288: 223F0088OB1 | F288: 88系列五件套缸边浴缸龙头拉丝红古铜 | G288: 朱艺璇 | H288: 缸边浴缸 | I288: 是 | J288: 45488 | K288: 45698 | L288: =DATEDIF(J288,$L$1,"M") | M288: =IF(L288<18,"新品期",IF(L288<=36,"老品期","衰退期"))
A289: Hanallx-US | B289: Hanallx美国站 | C289: =B289&D289 | D289: HM-8811-BG | E289: 211F0088BG1 | F289: 8811落地浴缸龙头拉丝钛金封油 | G289: 刘皓 | H289: 落地浴缸 | I289: 否 | J289: 45706 | K289: 45748 | L289: =DATEDIF(J289,$L$1,"M") | M289: =IF(L289<18,"新品期",IF(L289<=36,"老品期","衰退期")) | N289: 2026年4月17日之前王幸负责
A290: Hanallx-US | B290: Hanallx美国站 | C290: =B290&D290 | D290: HM-8811-BK | E290: 211F0088BK2 | F290: 8811落地浴缸龙头哑黑 | G290: 刘皓 | H290: 落地浴缸 | I290: 否 | J290: 45706 | K290: 45748 | L290: =DATEDIF(J290,$L$1,"M") | M290: =IF(L290<18,"新品期",IF(L290<=36,"老品期","衰退期")) | N290: 2026年4月17日之前王幸负责
A291: Hanallx-US | B291: Hanallx美国站 | C291: =B291&D291 | D291: HM-8811-BK-zz | E291: 211F0088BK2 | F291: 8811落地浴缸龙头哑黑 | G291: 刘皓 | H291: 落地浴缸 | I291: 否 | J291: 45706 | K291: 45748 | L291: =DATEDIF(J291,$L$1,"M") | M291: =IF(L291<18,"新品期",IF(L291<=36,"老品期","衰退期")) | N291: 2026年4月17日之前王幸负责
A292: Hanallx-US | B292: Hanallx美国站 | C292: =B292&D292 | D292: HM-8811-BN | E292: 211F0088BN1 | F292: 8811落地浴缸龙头拉丝封油 | G292: 刘皓 | H292: 落地浴缸 | I292: 否 | J292: 45706 | K292: 45748 | L292: =DATEDIF(J292,$L$1,"M") | M292: =IF(L292<18,"新品期",IF(L292<=36,"老品期","衰退期")) | N292: 2026年4月17日之前王幸负责
A293: Hanallx-US | B293: Hanallx美国站 | C293: =B293&D293 | D293: HM-8811-CP | E293: 211F0088CP1 | F293: 8811落地浴缸龙头铬色 | G293: 刘皓 | H293: 落地浴缸 | I293: 否 | J293: 45706 | K293: 45748 | L293: =DATEDIF(J293,$L$1,"M") | M293: =IF(L293<18,"新品期",IF(L293<=36,"老品期","衰退期")) | N293: 2026年4月17日之前王幸负责
A294: Hanallx-US | B294: Hanallx美国站 | C294: =B294&D294 | D294: HM-8811-CP-zz | E294: 211F0088CP1 | F294: 8811落地浴缸龙头铬色 | G294: 刘皓 | H294: 落地浴缸 | I294: 否 | J294: 45706 | K294: 45748 | L294: =DATEDIF(J294,$L$1,"M") | M294: =IF(L294<18,"新品期",IF(L294<=36,"老品期","衰退期")) | N294: 2026年4月17日之前王幸负责
A295: Hanallx-US | B295: Hanallx美国站 | C295: =B295&D295 | D295: HM-8811-ORB | E295: 211F0088OB1 | F295: 8811落地浴缸龙头拉丝古铜色 | G295: 刘皓 | H295: 落地浴缸 | I295: 是 | J295: 45706 | K295: 45748 | L295: =DATEDIF(J295,$L$1,"M") | M295: =IF(L295<18,"新品期",IF(L295<=36,"老品期","衰退期")) | N295: 2026年4月17日之前王幸负责
A296: Hanallx-US | B296: Hanallx美国站 | C296: =B296&D296 | D296: HM-9801-BG-ZZ | E296: 110F0098BG1 | F296: 98系列矮身单孔正开面盆龙头拉丝钛金封油 | G296: 曾志发 | H296: 面盆 | I296: 是 | J296: 45616 | K296: 45616 | L296: =DATEDIF(J296,$L$1,"M") | M296: =IF(L296<18,"新品期",IF(L296<=36,"老品期","衰退期")) | N296: 种子链接，2025年9月1号以前梁丽梅负责
...
